afstemningsarea_navn;afgivne;gyldige;stemmeberrettigede;opstillingskreds_navn;opstillingskreds_id;afstemningsarea_id;Ja-stemmer;nej-stemmer
Assens;3;0;5;Assens;43;1;1704;1018
Ebberup;683;0;1;Assens;43;2;421;243
Turup;413;0;661;Assens;43;3;238;163
Salbrovad;389;0;695;Assens;43;4;235;144
Helnæs;138;0;188;Assens;43;5;81;54
Køng;482;0;745;Assens;43;6;281;175
Glamsbjerg;1;0;2;Assens;43;7;668;424
Flemløse;480;0;843;Assens;43;8;261;203
Søllested;238;0;385;Assens;43;9;121;107
Ørsted;235;0;420;Assens;43;10;135;85
Dreslette;419;0;645;Assens;43;11;266;133
Haarby;1;0;3;Assens;43;12;873;496
Jordløse;311;0;520;Assens;43;13;188;106
Brylle;817;0;1;Assens;43;14;530;258
Tommerup;875;0;1;Assens;43;15;539;302
Tommerup St;1;0;2;Assens;43;16;696;364
Verninge;537;0;889;Assens;43;17;311;193
Nårup;218;0;375;Assens;43;18;125;83
Vissenbjerg;3;0;5;Assens;43;19;1500;960
Aarup;2;0;3;Assens;43;20;958;501
Kerte;292;0;525;Assens;43;21;167;107
Orte;366;0;594;Assens;43;22;223;124
Rørup;339;0;583;Assens;43;23;188;134
Tapeten;2;0;4;Ballerup;77;24;1161;1127
Rugvængets Skole;3;0;6;Ballerup;77;25;1577;1563
Højagerskolen;2;0;3;Ballerup;77;26;1028;629
Grantoftehallen;1;0;3;Ballerup;77;27;662;726
Rosenlundskolen;3;0;4;Ballerup;77;28;1603;810
Lundebjergskolen;2;0;4;Ballerup;77;29;908;985
Tidl. Skovlunde Lokalkontor;1;0;2;Ballerup;77;30;658;339
Måløv Skole;3;0;4;Ballerup;77;31;1667;862
Egebjerghallen;2;0;3;Ballerup;77;32;1526;707
Østerhøjhallen;1;0;2;Ballerup;77;33;893;488
Nordvangskolen;1;0;2;Ballerup;77;34;822;584
Sognegården;1;0;3;Ballerup;77;35;784;557
Søndervangskolen;2;0;4;Ballerup;77;36;999;980
Vestervangskolen;2;0;3;Ballerup;77;37;627;880
Ejbyskolen;980;0;1;Ballerup;77;38;603;347
Hvissingehallen;2;0;3;Ballerup;77;39;799;668
Klemensker;936;0;2;Rønne;63;40;548;356
Rønne;6;0;11;Rønne;63;41;3669;1847
Hasle;1;0;2;Rønne;63;42;774;458
Allinge;1;0;3;Aakirkeby;64;43;878;502
Østermarie;1;0;2;Aakirkeby;64;44;694;520
Svaneke;1;0;2;Aakirkeby;64;45;640;370
Nexø;2;0;4;Aakirkeby;64;46;1001;655
Pedersker;792;0;1;Aakirkeby;64;47;465;296
Aakirkeby;2;0;4;Aakirkeby;64;48;1308;717
Christiansø;55;0;64;Aakirkeby;64;49;21;33
Brøndbyvester Skole;2;0;3;Brøndby;79;50;1076;768
Tjørnehøjhallen;2;0;4;Brøndby;79;51;852;817
Brøndbyøster Skole;2;0;3;Brøndby;79;52;799;778
Nørregård;3;0;6;Brøndby;79;53;1372;1383
Kulturhuset Brønden;4;0;9;Brøndby;79;54;1993;1708
Ishøj Landsby;781;0;1;Brøndby;79;55;480;275
Vibeholmskolen;1;0;3;Brøndby;79;56;777;604
Gildbroskolen;2;0;3;Brøndby;79;57;755;764
Strandgårdskolen;775;0;2;Brøndby;79;58;360;398
Ishøj Bycenter;2;0;4;Brøndby;79;59;1140;871
Vallensbæk Skole, Multisalen;2;0;3;Brøndby;79;60;993;608
Egholmskolen;2;0;3;Brøndby;79;61;1273;655
Pilehaveskolen;2;0;4;Brøndby;79;62;1543;833
Agersted;344;0;673;Brønderslev;3;63;205;128
Asaa;635;0;1;Brønderslev;3;64;337;279
Dronninglund;2;0;4;Brønderslev;3;65;1149;665
Flauenskjold;430;0;1;Brønderslev;3;66;272;160
Hjallerup;2;0;3;Brønderslev;3;67;1096;595
Klokkerholm;772;0;1;Brønderslev;3;68;432;310
Brønderslev;5;0;9;Brønderslev;3;69;2741;1735
Stenum;258;0;492;Brønderslev;3;70;163;87
Thise;480;0;925;Brønderslev;3;71;295;162
Ø. Brønderslev;572;0;1;Brønderslev;3;72;347;193
Hallund;285;0;519;Brønderslev;3;73;183;92
Jerslev;931;0;2;Brønderslev;3;74;506;380
Serritslev;394;0;681;Brønderslev;3;75;222;159
Aabybro;2;0;4;Brønderslev;3;76;1473;754
Biersted;833;0;1;Brønderslev;3;77;458;352
Nørhalne;619;0;1;Brønderslev;3;78;400;204
Vedsted;569;0;989;Brønderslev;3;79;347;201
Gjøl;540;0;916;Brønderslev;3;80;343;171
Ingstrup;300;0;548;Brønderslev;3;81;169;116
V. Hjermitslev;284;0;499;Brønderslev;3;82;154;113
Brovst;1;0;2;Brønderslev;3;83;730;412
Halvrimmen;594;0;1;Brønderslev;3;84;332;244
Arentsminde;253;0;520;Brønderslev;3;85;143;96
Tranum;494;0;877;Brønderslev;3;86;262;219
Skovsgård;675;0;1;Brønderslev;3;87;365;290
Fjerritslev;2;0;3;Brønderslev;3;88;985;578
Thorup;500;0;1;Brønderslev;3;89;294;176
Ørebro;383;0;779;Brønderslev;3;90;219;149
Trekroner;465;0;947;Brønderslev;3;91;292;153
Pandrup;1;0;2;Brønderslev;3;92;710;430
Kaas;983;0;2;Brønderslev;3;93;453;506
Hune;763;0;1;Brønderslev;3;94;456;283
Saltum;522;0;1;Brønderslev;3;95;315;188
Ebeltoft;4;0;7;Djurs;24;96;2443;1351
Mols;2;0;3;Djurs;24;97;1042;620
Tirstrup;884;0;2;Djurs;24;98;478;369
Kolind;1;0;3;Djurs;24;99;745;484
Ryomgård;2;0;4;Djurs;24;100;969;702
Hornslet;3;0;5;Djurs;24;101;1850;980
Mørke;1;0;3;Djurs;24;102;834;566
Rønde;3;0;6;Djurs;24;103;1903;1135
Kulturhuset Pavillonen;4;0;8;Djurs;24;104;2128;1398
Anholt Skole;81;0;123;Djurs;24;105;39;40
Kulturhuset Stationen;984;0;2;Djurs;24;106;541;408
Grenaa Idrætscenter;2;0;5;Djurs;24;107;1314;1022
Glesborg;2;0;3;Djurs;24;108;892;696
Ørum;808;0;2;Djurs;24;109;485;303
Ørsted;1;0;3;Djurs;24;110;653;483
Allingåbro;900;0;2;Djurs;24;111;499;377
Auning;2;0;3;Djurs;24;112;896;573
Vivild;687;0;1;Djurs;24;113;442;224
Værløse;5;0;7;Egedal;72;114;3379;1340
Hareskov;2;0;3;Egedal;72;115;1489;397
Søndersø;3;0;3;Egedal;72;116;1898;557
Jonstrup;670;0;935;Egedal;72;117;525;129
Stavnsholt;3;0;4;Egedal;72;118;2149;676
Solvang;4;0;5;Egedal;72;119;2493;939
Paltholm;2;0;3;Egedal;72;120;968;676
Ledøje Forsamlingshus;529;0;843;Egedal;72;121;363;150
Ledøje-Smørum Idrætscenter;5;0;7;Egedal;72;122;3005;1457
Stenløse;3;0;5;Egedal;72;123;1807;982
Veksø;984;0;1;Egedal;72;124;541;408
Ganløse;2;0;3;Egedal;72;125;1180;475
Slagslunde;838;0;1;Egedal;72;126;514;299
Toftehøjskolen;3;0;5;Egedal;72;127;1889;1044
Stengårdsskolen;3;0;5;Egedal;72;128;1032;1557
Bækkegårdsskolen;2;0;3;Egedal;72;129;1096;602
Esbjerg Rådhus;5;0;10;Esbjerg By;35;130;2461;1972
Skovbo Centeret;996;0;2;Esbjerg By;35;131;445;513
Rørkjær;2;0;3;Esbjerg By;35;132;844;856
Bakkeskolen;2;0;5;Esbjerg By;35;133;987;1059
Boldesager;2;0;5;Esbjerg By;35;134;1405;992
Østerbycentret;2;0;4;Esbjerg By;35;135;849;897
Vestervangskolen;2;0;3;Esbjerg By;35;136;1084;596
Sædding;3;0;5;Esbjerg By;35;137;1737;1117
Kvaglund;1;0;3;Esbjerg By;35;138;629;554
Ådalskolen;1;0;3;Esbjerg By;35;139;681;554
Blåbjerggårdskolen;2;0;3;Esbjerg By;35;140;882;706
Nordby;1;0;2;Esbjerg By;35;141;814;481
Sønderho;191;0;262;Esbjerg By;35;142;132;54
Skads;830;0;2;Esbjerg Omegn;36;143;489;315
Bryndum;1;0;2;Esbjerg Omegn;36;144;830;458
Hjerting;3;0;6;Esbjerg Omegn;36;145;2090;970
Guldager;537;0;1;Esbjerg Omegn;36;146;323;189
Tjæreborg;1;0;2;Esbjerg Omegn;36;147;867;504
Sønderris;1;0;3;Esbjerg Omegn;36;148;826;553
Bramming;4;0;8;Esbjerg Omegn;36;149;2470;1320
Ribe;5;0;9;Esbjerg Omegn;36;150;2842;1561
Egebæk-Hviding;772;0;1;Esbjerg Omegn;36;151;445;299
Gredstedbro;1;0;2;Esbjerg Omegn;36;152;635;353
Mandø;24;0;30;Esbjerg Omegn;36;153;12;10
Høm;613;0;1;Esbjerg Omegn;36;154;365;216
Gørding;1;0;3;Esbjerg Omegn;36;155;771;458
Haslev 01;3;0;5;Faxe;58;156;1798;1106
Haslev 02;3;0;6;Faxe;58;157;1835;1103
Faxe;2;0;4;Faxe;58;158;1034;734
Hylleholt;2;0;3;Faxe;58;159;945;697
Karise;2;0;3;Faxe;58;160;858;701
Dalby;1;0;3;Faxe;58;161;915;541
Rønnede;2;0;3;Faxe;58;162;909;587
Hårlevhallen;2;0;4;Faxe;58;163;1256;1014
Strøbyhallen;3;0;5;Faxe;58;164;1851;1155
Stevnshallen;2;0;4;Faxe;58;165;1329;1032
Harmonien;2;0;3;Faxe;58;166;968;765
Hadsten Nord;2;0;4;Favrskov;23;167;1537;758
Hadsten Syd;2;0;3;Favrskov;23;168;1035;491
Hadbjerg;918;0;2;Favrskov;23;169;578;306
Hammel Nord;3;0;6;Favrskov;23;170;2046;1003
Hammel Syd;875;0;2;Favrskov;23;171;519;316
Haldum-Hinnerup/Vitten;2;0;3;Favrskov;23;172;1294;615
Rønbæk/Grundfør;2;0;3;Favrskov;23;173;1273;548
Foldby;786;0;1;Favrskov;23;174;475;278
Ulstrup;2;0;3;Favrskov;23;175;1014;560
Thorsø/Haurum/Sall;1;0;3;Favrskov;23;176;913;478
Laurbjerg/Houlbjerg;829;0;2;Favrskov;23;177;484;309
Søften;1;0;2;Favrskov;23;178;968;383
Voldum;496;0;918;Favrskov;23;179;286;189
Lading;539;0;852;Favrskov;23;180;297;230
Asminderød;3;0;4;Fredensborg;47;181;1771;843
Fredensborg;2;0;3;Fredensborg;47;182;1647;576
Humlebæk;2;0;3;Fredensborg;47;183;1535;636
Baunebjerg;2;0;3;Fredensborg;47;184;1421;719
Ullerød;2;0;3;Fredensborg;47;185;1334;557
Brønsholm;2;0;3;Fredensborg;47;186;1340;700
Niverød;2;0;3;Fredensborg;47;187;1159;594
Karlebo;576;0;864;Fredensborg;47;188;398;161
Nivå;2;0;3;Fredensborg;47;189;1156;489
Hørsholm;3;0;5;Fredensborg;47;190;2231;780
Usserød;3;0;5;Fredensborg;47;191;2321;797
Rungsted;2;0;3;Fredensborg;47;192;2046;265
Grønnegade;242;0;327;Fredensborg;47;193;168;70
Vallerød;3;0;5;Fredensborg;47;194;2339;700
Gymnasiet;5;0;10;Fredericia;32;195;2744;2164
Bredstrup-Pjedsted;720;0;1;Fredericia;32;196;434;264
Erritsø;4;0;7;Fredericia;32;197;2634;1405
Herslev;364;0;586;Fredericia;32;198;216;141
Taulov;2;0;4;Fredericia;32;199;1502;723
Søndermarken;3;0;7;Fredericia;32;200;1809;1561
Bøgeskov;964;0;1;Fredericia;32;201;601;332
Indre By;3;0;6;Fredericia;32;202;1226;1206
10. Kreds, Søerne;5;0;8;Falkoner;87;203;3553;1536
10. Kreds, Ny Hollænder;6;0;8;Falkoner;87;204;3884;1669
10. Kreds, Bülowsvej;7;0;11;Falkoner;87;205;4481;2273
10. Kreds, Duevej;6;0;10;Falkoner;87;206;4012;1978
11. Kreds, Lindevang;6;0;10;Slots;88;207;3522;2028
11. Kreds, Søndermark;5;0;9;Slots;88;208;3349;1829
11. Kreds, Rådhuset;6;0;10;Slots;88;209;3803;1860
11. Kreds, Nyelandsvej;5;0;8;Slots;88;210;3086;1735
Skagen;3;0;7;Frederikshavn;1;211;1648;1199
Hulsig;70;0;125;Frederikshavn;1;212;35;34
Ålbæk;780;0;1;Frederikshavn;1;213;400;354
Jerup;394;0;739;Frederikshavn;1;214;202;184
Elling;611;0;1;Frederikshavn;1;215;313;273
Strandby;1;0;2;Frederikshavn;1;216;551;436
Frederikshavn Nord;2;0;5;Frederikshavn;1;217;1099;1026
Frederikshavn Midt;3;0;8;Frederikshavn;1;218;1665;1433
Frederikshavn Syd;3;0;6;Frederikshavn;1;219;1578;1107
Ravnshøj;790;0;1;Frederikshavn;1;220;449;299
Gærum;834;0;1;Frederikshavn;1;221;521;285
Sæby;4;0;7;Frederikshavn;1;222;2189;1207
Brønden;206;0;348;Frederikshavn;1;223;113;85
Dybvad;405;0;886;Frederikshavn;1;224;239;151
Hørby;316;0;663;Frederikshavn;1;225;186;122
Præstbro;194;0;386;Frederikshavn;1;226;107;82
Thorshøj;270;0;618;Frederikshavn;1;227;144;115
Understed;210;0;427;Frederikshavn;1;228;105;97
Voerså;329;0;628;Frederikshavn;1;229;170;145
Volstrup;257;0;558;Frederikshavn;1;230;152;96
Østervrå;650;0;1;Frederikshavn;1;231;353;258
Lyngså;252;0;458;Frederikshavn;1;232;124;121
Læsø;664;0;2;Frederikshavn;1;233;362;278
Frederikssund Syd;5;0;8;Frederikssund;50;234;3069;1632
Frederikssund Nord;4;0;6;Frederikssund;50;235;2095;1375
Slangerup;3;0;6;Frederikssund;50;236;2106;1250
Skibby;4;0;6;Frederikssund;50;237;1990;1458
Jægerspris;4;0;6;Frederikssund;50;238;1978;1457
Hundested Hallen;4;0;7;Frederikssund;50;239;2172;1810
Enghave Hallen;2;0;3;Frederikssund;50;240;911;668
Rådhuset;3;0;7;Frederikssund;50;241;1838;1378
Ølsted Hallen;1;0;2;Frederikssund;50;242;728;537
Melby Hallen;2;0;3;Frederikssund;50;243;1049;718
Allested-Vejle;783;0;1;Faaborg;44;244;441;306
Brobyværk;586;0;1;Faaborg;44;245;345;218
Nørre Broby;895;0;2;Faaborg;44;246;535;329
Vester Hæsinge;512;0;829;Faaborg;44;247;307;190
Avernakø;71;0;92;Faaborg;44;248;31;34
Faaborg Vest;1;0;2;Faaborg;44;249;752;371
Faaborg Øst;3;0;4;Faaborg;44;250;1583;905
Horne;920;0;2;Faaborg;44;251;572;316
Korinth;871;0;2;Faaborg;44;252;506;335
Lyø;64;0;83;Faaborg;44;253;45;18
Svanninge;1;0;2;Faaborg;44;254;618;351
Vester Aaby;830;0;1;Faaborg;44;255;526;262
Espe;657;0;1;Faaborg;44;256;420;216
Hillerslev;593;0;1;Faaborg;44;257;366;207
Ringe;3;0;6;Faaborg;44;258;2110;1010
Søllinge;518;0;837;Faaborg;44;259;297;200
Gislev;907;0;2;Faaborg;44;260;549;322
Kværndrup;950;0;2;Faaborg;44;261;593;319
Ryslinge;1;0;2;Faaborg;44;262;683;382
Nr. Lyndelse;2;0;3;Faaborg;44;263;1068;528
Rolfsted;830;0;1;Faaborg;44;264;536;265
Årslev;2;0;3;Faaborg;44;265;1258;628
Marstal;1;0;2;Faaborg;44;266;750;526
Ærøskøbing;1;0;2;Faaborg;44;267;671;293
Søby;468;0;934;Faaborg;44;268;288;167
Jægersborg;4;0;5;Gentofte;74;269;2710;771
Munkegård;3;0;4;Gentofte;74;270;1976;910
Rådhuset;3;0;5;Gentofte;74;271;2585;601
Bakkegård;3;0;5;Gentofte;74;272;1893;986
Dyssegård;3;0;5;Gentofte;74;273;2608;799
Maglegård;4;0;6;Gentofte;74;274;2964;822
Hellerup;4;0;6;Gentofte;74;275;2924;974
Ordrup;3;0;4;Gentofte;74;276;2072;723
Skovshoved;3;0;5;Gentofte;74;277;2502;713
Skovgård;3;0;5;Gentofte;74;278;2180;715
Bagsværd;3;0;5;Gladsaxe;75;279;2051;999
Hovedbiblioteket;4;0;6;Gladsaxe;75;280;2008;1472
Egegård;3;0;6;Gladsaxe;75;281;1854;1304
Grønnemose;4;0;6;Gladsaxe;75;282;2149;1452
Mørkhøj;3;0;6;Gladsaxe;75;283;1868;1494
Stengård;4;0;6;Gladsaxe;75;284;2706;1259
Søborg;2;0;4;Gladsaxe;75;285;1460;889
Vadgård;3;0;4;Gladsaxe;75;286;1580;978
Værebro;1;0;2;Gladsaxe;75;287;784;437
Arenaskolen;1;0;3;Greve;62;288;754;687
Tjørnelyskolen;3;0;5;Greve;62;289;2212;1019
Holmeagerskolen;5;0;8;Greve;62;290;2761;1695
Mosedeskolen;2;0;4;Greve;62;291;1696;716
Karlslundehallerne;4;0;6;Greve;62;292;2441;1163
Tunehallerne;3;0;5;Greve;62;293;1820;1057
Hundigehallen;2;0;4;Greve;62;294;954;794
Havdrup;2;0;3;Greve;62;295;1167;700
Det Nordlige Strandområde;3;0;5;Greve;62;296;1986;1018
Det Sydlige Strandområde;4;0;7;Greve;62;297;2828;1439
Bykredsen;2;0;4;Guldborgsund;60;298;927;699
Østerbro;2;0;3;Guldborgsund;60;299;887;666
Lindeskov;2;0;3;Guldborgsund;60;300;893;585
Ejegod;2;0;3;Guldborgsund;60;301;1003;726
Kraghave;1;0;2;Guldborgsund;60;302;744;433
Toreby;779;0;1;Guldborgsund;60;303;399;344
Sundby;2;0;3;Guldborgsund;60;304;1028;554
Nysted;1;0;2;Guldborgsund;60;305;803;531
Øster Ulslev;767;0;1;Guldborgsund;60;306;405;337
Nørre Alslev;1;0;3;Guldborgsund;60;307;756;607
Nørre Vedby;991;0;2;Guldborgsund;60;308;528;426
Eskilstrup;1;0;2;Guldborgsund;60;309;658;455
Sakskøbing;2;0;5;Guldborgsund;60;310;1250;870
Majbølle;768;0;1;Guldborgsund;60;311;378;370
Våbensted;487;0;938;Guldborgsund;60;312;282;192
Stubbekøbing;2;0;3;Guldborgsund;60;313;910;732
Horreby;1;0;2;Guldborgsund;60;314;725;630
Idestrup;875;0;2;Guldborgsund;60;315;494;346
Væggerløse;2;0;3;Guldborgsund;60;316;1067;626
Gedser;710;0;1;Guldborgsund;60;317;300;383
Gram;1;0;2;Haderslev;37;318;723;425
Arnum;329;0;687;Haderslev;37;319;188;129
Tiset;131;0;221;Haderslev;37;320;66;63
Fole;153;0;287;Haderslev;37;321;92;54
Haderslev Syd-Vest;1;0;3;Haderslev;37;322;955;480
Haderslev Syd;1;0;2;Haderslev;37;323;618;445
Haderslev Midtby;2;0;3;Haderslev;37;324;992;557
Haderslev Vest;2;0;3;Haderslev;37;325;1175;556
Sommersted;591;0;1;Haderslev;37;326;375;192
Haderslev Nord;1;0;2;Haderslev;37;327;797;446
Haderslev Øst;980;0;2;Haderslev;37;328;643;295
Moltrup;254;0;393;Haderslev;37;329;150;96
Hoptrup;555;0;967;Haderslev;37;330;317;218
Starup;1;0;2;Haderslev;37;331;789;376
Vilstrup;319;0;555;Haderslev;37;332;188;121
Kelstrup;241;0;382;Haderslev;37;333;156;80
Vonsbæk;212;0;317;Haderslev;37;334;141;66
Aastrup;694;0;1;Haderslev;37;335;448;220
Øsby;650;0;1;Haderslev;37;336;406;226
Aarø;94;0;148;Haderslev;37;337;61;29
Marstrup;405;0;659;Haderslev;37;338;254;138
Halk;327;0;532;Haderslev;37;339;208;111
Fjelstrup;548;0;992;Haderslev;37;340;331;197
Bevtoft;534;0;997;Haderslev;37;341;295;214
Vojens Øst;1;0;3;Haderslev;37;342;882;559
Vojens Vest;1;0;3;Haderslev;37;343;773;501
Skrydstrup;466;0;797;Haderslev;37;344;264;181
Hammelev;710;0;1;Haderslev;37;345;476;206
Jegerup;258;0;412;Haderslev;37;346;143;108
Simmersted;315;0;539;Haderslev;37;347;197;99
Nustrup;480;0;901;Haderslev;37;348;313;154
Oksenvad;242;0;452;Haderslev;37;349;156;79
Vedsted;375;0;656;Haderslev;37;350;224;126
Over Jerstal;518;0;1;Haderslev;37;351;273;227
Hedensted, St.Dalby Og Urlev;3;0;6;Hedensted;29;352;2106;1101
Løsning Sogn;2;0;3;Hedensted;29;353;947;619
Ø. Snede Sogn;994;0;2;Hedensted;29;354;622;328
Daugård Og Ørum Sogne;747;0;1;Hedensted;29;355;463;254
Korning Sogn;280;0;450;Hedensted;29;356;144;122
Ølsted Og Eriknauer-Området;618;0;998;Hedensted;29;357;364;238
Juelsminde/Klakring;2;0;3;Hedensted;29;358;1250;631
As;384;0;587;Hedensted;29;359;240;135
Barrit;758;0;1;Hedensted;29;360;425;301
Bjerre;608;0;1;Hedensted;29;361;361;229
Hornsyld;803;0;1;Hedensted;29;362;537;238
Stouby;771;0;1;Hedensted;29;363;477;248
Rårup;637;0;1;Hedensted;29;364;358;256
Glud;1;0;2;Hedensted;29;365;642;381
Hjarnø;67;0;85;Hedensted;29;366;36;30
Rask Mølle;594;0;1;Hedensted;29;367;366;194
Hvirring;233;0;400;Hedensted;29;368;145;82
Hornborg;342;0;582;Hedensted;29;369;201;130
Lindved;847;0;1;Hedensted;29;370;484;319
Tørring;1;0;2;Hedensted;29;371;642;453
Uldum;687;0;1;Hedensted;29;372;421;242
Aale;352;0;606;Hedensted;29;373;227;113
Ølholm;422;0;730;Hedensted;29;374;272;133
Hjortsvang;214;0;345;Hedensted;29;375;134;73
Helsingør Hallen;5;0;10;Helsingør;46;376;2792;1952
Montebello, Gurrevej 90;4;0;7;Helsingør;46;377;1868;1553
Laden, Gl. Vapnagård;3;0;5;Helsingør;46;378;1448;1211
Bølgen;3;0;4;Helsingør;46;379;1805;846
Hornbæk Skole;2;0;4;Helsingør;46;380;1533;684
Hels. Skole, Nygård;641;0;1;Helsingør;46;381;372;251
Tikøb Skole;722;0;1;Helsingør;46;382;476;232
Kvistgård Idrætsanlæg;479;0;833;Helsingør;46;383;248;221
Snekkersten Hallen;2;0;4;Helsingør;46;384;1521;712
Administrationsbygningen, Esp;2;0;3;Helsingør;46;385;1673;452
Esp. Skole, Mørdrup;3;0;5;Helsingør;46;386;2102;1005
Aulum;2;0;3;Herning Nord;18;387;1068;586
Feldborg;283;0;585;Herning Nord;18;388;140;131
Gullestrup;606;0;1;Herning Nord;18;389;348;227
Haderup;514;0;873;Herning Nord;18;390;342;158
Hammerum;3;0;6;Herning Nord;18;391;2296;1058
Hodsager;331;0;520;Herning Nord;18;392;209;112
Ilskov;373;0;704;Herning Nord;18;393;229;129
Simmelkær;176;0;357;Herning Nord;18;394;112;59
Sinding;426;0;666;Herning Nord;18;395;255;158
Skibbild/Nøvling;481;0;726;Herning Nord;18;396;256;194
Snejbjerg;2;0;3;Herning Nord;18;397;1379;637
Sunds;2;0;3;Herning Nord;18;398;1168;631
Timring;572;0;963;Herning Nord;18;399;363;187
Tjørring;2;0;4;Herning Nord;18;400;1487;767
Vildbjerg;2;0;3;Herning Nord;18;401;1122;624
Vind;229;0;372;Herning Nord;18;402;152;69
Vinding;767;0;1;Herning Nord;18;403;525;207
Ørnhøj;513;0;864;Herning Nord;18;404;302;188
Herning;9;0;19;Herning Syd;19;405;5670;3437
Arnborg;545;0;1;Herning Syd;19;406;304;221
Kibæk;1;0;2;Herning Syd;19;407;853;463
Kølkær;403;0;733;Herning Syd;19;408;205;183
Lind;3;0;4;Herning Syd;19;409;1699;768
Sdr. Felding;910;0;2;Herning Syd;19;410;526;340
Skarrild;437;0;709;Herning Syd;19;411;267;160
Studsgård;325;0;591;Herning Syd;19;412;195;120
Frederiksborgcentret;4;0;6;Hillerød;48;413;2332;1184
Hillerødsholmsskolen;3;0;5;Hillerød;48;414;1906;828
Brødeskov;457;0;632;Hillerød;48;415;340;107
Hammersholt;889;0;1;Hillerød;48;416;627;237
Alsønderup;1;0;2;Hillerød;48;417;703;360
Ullerød;2;0;4;Hillerød;48;418;1531;709
Nødebo;1;0;1;Hillerød;48;419;698;271
Gadevang;600;0;817;Hillerød;48;420;482;99
Grønnevang Skole, Jespervej;2;0;3;Hillerød;48;421;1424;606
Grønnevang Skole, Østervang;3;0;5;Hillerød;48;422;1869;992
Lille Lyngby;886;0;2;Hillerød;48;423;541;328
Skævinge, Harløse, Strø;2;0;3;Hillerød;48;424;984;530
Gørløse;602;0;942;Hillerød;48;425;361;213
Uvelse;689;0;981;Hillerød;48;426;446;225
Blistrup;2;0;4;Hillerød;48;427;1146;812
Esbønderup;1;0;2;Hillerød;48;428;768;527
Valby;276;0;408;Hillerød;48;429;191;80
Græsted;2;0;4;Hillerød;48;430;1152;769
Annisse;1;0;2;Hillerød;48;431;701;359
Gilleleje;3;0;5;Hillerød;48;432;1847;1052
Søborg;681;0;1;Hillerød;48;433;402;266
Helsinge;3;0;6;Hillerød;48;434;1995;1134
Mårum;539;0;797;Hillerød;48;435;350;177
Ramløse;1;0;2;Hillerød;48;436;882;470
Vejby;1;0;2;Hillerød;48;437;713;592
Tibirke;1;0;2;Hillerød;48;438;680;347
Aalestrup;1;0;3;Himmerland;8;439;856;487
Farsø;2;0;4;Himmerland;8;440;990;585
Strandby;342;0;609;Himmerland;8;441;205;122
Aars;3;0;7;Himmerland;8;442;2138;1118
Hvalpsund;670;0;1;Himmerland;8;443;406;225
Gislum-Vognsild;432;0;876;Himmerland;8;444;282;137
Gedsted;687;0;1;Himmerland;8;445;408;250
Hornum-Ulstrup;590;0;1;Himmerland;8;446;358;207
Vester Hornum;413;0;845;Himmerland;8;447;256;138
Løgstør;2;0;4;Himmerland;8;448;1145;695
Ranum;686;0;1;Himmerland;8;449;347;304
Salling;482;0;1;Himmerland;8;450;269;190
Overlade;359;0;752;Himmerland;8;451;210;133
Skivum-Giver;360;0;687;Himmerland;8;452;205;139
Støvring;3;0;6;Himmerland;8;453;2195;1044
Skørping;2;0;3;Himmerland;8;454;1297;644
Terndrup;935;0;2;Himmerland;8;455;548;343
Suldrup;1;0;2;Himmerland;8;456;647;361
Nørager;1;0;2;Himmerland;8;457;683;388
Haverslev;482;0;991;Himmerland;8;458;305;157
Øster Hornum;807;0;1;Himmerland;8;459;535;250
Bælum;596;0;1;Himmerland;8;460;381;187
Ravnkilde;404;0;711;Himmerland;8;461;217;167
Blenstrup;560;0;1;Himmerland;8;462;335;209
Veggerby;325;0;545;Himmerland;8;463;209;100
Horne;725;0;1;Hjørring;2;464;398;300
Hirtshals;2;0;4;Hjørring;2;465;1021;806
Hjørring - Centrum;4;0;9;Hjørring;2;466;2236;1382
Tornby;751;0;1;Hjørring;2;467;465;257
Bindslev;608;0;1;Hjørring;2;468;379;212
Tversted;686;0;1;Hjørring;2;469;397;254
Taars;1;0;3;Hjørring;2;470;792;388
Vrejlev-Hæstrup;650;0;1;Hjørring;2;471;401;228
Bjergby-Mygdal;764;0;1;Hjørring;2;472;481;257
Skallerup;759;0;1;Hjørring;2;473;453;278
Hjørring - Nord;2;0;4;Hjørring;2;474;1354;610
Hjørring - Syd;2;0;5;Hjørring;2;475;1411;787
Hjørring - Vest;1;0;3;Hjørring;2;476;915;470
Vrå;2;0;3;Hjørring;2;477;921;539
Hundelev;470;0;900;Hjørring;2;478;263;187
Løkken;1;0;2;Hjørring;2;479;677;422
Sindal;1;0;3;Hjørring;2;480;818;432
Astrup;447;0;894;Hjørring;2;481;273;159
Tolne;467;0;1;Hjørring;2;482;273;170
Ugilt;426;0;842;Hjørring;2;483;271;136
Lendum;528;0;1;Hjørring;2;484;288;215
Holbæk Øst;4;0;7;Holbæk;53;485;2519;1254
Holbæk Vest;3;0;7;Holbæk;53;486;2001;1300
Holbæk Midt;2;0;4;Holbæk;53;487;1331;889
Vipperød;2;0;3;Holbæk;53;488;1192;672
Tuse;2;0;3;Holbæk;53;489;1161;594
Udby;1;0;2;Holbæk;53;490;695;422
Tølløse;2;0;3;Holbæk;53;491;1280;732
St. Merløse;2;0;3;Holbæk;53;492;880;649
Regstrup;2;0;3;Holbæk;53;493;966;628
Undløse;1;0;3;Holbæk;53;494;725;549
Jyderup;2;0;4;Holbæk;53;495;1146;737
Mørkøv;2;0;3;Holbæk;53;496;841;695
Svinninge;1;0;3;Holbæk;53;497;746;515
Gislinge;1;0;3;Holbæk;53;498;752;501
Orø;445;0;713;Holbæk;53;499;221;212
Musikteatret;8;0;14;Holstebro;12;500;4717;2582
Mejdal;2;0;3;Holstebro;12;501;1451;595
Skave;843;0;2;Holstebro;12;502;566;248
Mejrup;2;0;3;Holstebro;12;503;1242;459
Birkelundskolen;5;0;10;Holstebro;12;504;3224;1944
Vinderup;2;0;4;Holstebro;12;505;1335;807
Sevel;870;0;2;Holstebro;12;506;518;305
Ulfborg;1;0;3;Holstebro;12;507;863;479
Vemb;874;0;2;Holstebro;12;508;532;304
Sdr. Nissum;475;0;900;Holstebro;12;509;263;187
Sønderbro;2;0;5;Horsens;30;510;981;1121
Vestbyen;2;0;5;Horsens;30;511;995;1010
Midtbyen;3;0;7;Horsens;30;512;1901;1454
Endelave;100;0;146;Horsens;30;513;56;39
Forum;2;0;4;Horsens;30;514;1129;1030
Dagnæs;4;0;7;Horsens;30;515;2234;1605
Torsted;2;0;4;Horsens;30;516;1377;947
Hatting;1;0;2;Horsens;30;517;681;405
Lund;1;0;2;Horsens;30;518;605;404
Egebjerg;1;0;2;Horsens;30;519;752;494
Stensballe;3;0;5;Horsens;30;520;2111;855
Højvangen;2;0;3;Horsens;30;521;1004;536
Brædstrup;2;0;3;Horsens;30;522;1252;649
Nim;798;0;1;Horsens;30;523;475;288
Sdr.Vissing;530;0;837;Horsens;30;524;330;181
Østbirk;1;0;3;Horsens;30;525;911;455
Gedved;1;0;2;Horsens;30;526;701;424
Hovedgård;2;0;3;Horsens;30;527;878;572
Søvind;913;0;1;Horsens;30;528;569;309
Tønning-Træden;363;0;546;Horsens;30;529;215;132
Sundparken;474;0;1;Horsens;30;530;191;266
Sejet;238;0;394;Horsens;30;531;124;104
Holmegårdshallen;2;0;4;Hvidovre;80;532;1314;937
Præstemoseskolen;2;0;3;Hvidovre;80;533;924;735
Sønderkærskolen;2;0;4;Hvidovre;80;534;1072;1077
Medborgerhuset;3;0;5;Hvidovre;80;535;1412;1104
Dansborghallen;3;0;5;Hvidovre;80;536;1531;1222
Frihedens Idrætscenter;3;0;5;Hvidovre;80;537;1516;1259
Avedøre Skole;3;0;6;Hvidovre;80;538;1525;1248
Avedøre Idrætscenter;2;0;5;Hvidovre;80;539;917;1043
Ejstrup;951;0;2;Ikast;20;540;567;338
Gludsted;242;0;432;Ikast;20;541;155;81
Nørre-Snede;1;0;2;Ikast;20;542;601;410
Hampen;222;0;403;Ikast;20;543;129;86
Klovborg;437;0;787;Ikast;20;544;236;178
Pårup;225;0;373;Ikast;20;545;122;96
Brande By;3;0;5;Ikast;20;546;1558;954
Blåhøj;386;0;692;Ikast;20;547;215;152
Uhre;200;0;334;Ikast;20;548;131;57
Drantum;137;0;230;Ikast;20;549;84;47
Ikast;6;0;12;Ikast;20;550;3922;2025
Isenvad;451;0;744;Ikast;20;551;269;160
Bording;1;0;2;Ikast;20;552;833;449
Agerskov-Stubkjær;195;0;297;Ikast;20;553;119;68
Engesvang;1;0;2;Ikast;20;554;659;315
Asnæs;2;0;3;Kalundborg;54;555;1052;596
Fårevejle;2;0;3;Kalundborg;54;556;948;667
Grevinge;1;0;2;Kalundborg;54;557;568;411
Hørve;1;0;3;Kalundborg;54;558;802;520
Odden;639;0;1;Kalundborg;54;559;336;290
Vig;1;0;2;Kalundborg;54;560;791;515
Nykøbing;3;0;5;Kalundborg;54;561;1504;1032
Rørvig;879;0;1;Kalundborg;54;562;537;312
Egebjerg;678;0;1;Kalundborg;54;563;365;298
Højby;2;0;3;Kalundborg;54;564;847;669
Lumsås;340;0;560;Kalundborg;54;565;201;131
Nr. Asmindrup;479;0;848;Kalundborg;54;566;240;224
Snertinge;1;0;3;Kalundborg;54;567;691;624
Sejerø;207;0;306;Kalundborg;54;568;112;85
Svebølle;2;0;3;Kalundborg;54;569;907;750
Gørlev;1;0;2;Kalundborg;54;570;721;480
Kr. Helsinge;779;0;1;Kalundborg;54;571;409;334
Reersø;320;0;493;Kalundborg;54;572;157;154
Svallerup;543;0;942;Kalundborg;54;573;291;239
Ubby;1;0;2;Kalundborg;54;574;741;468
Høng;2;0;4;Kalundborg;54;575;1118;780
Buerup;775;0;1;Kalundborg;54;576;448;304
Gierslev;569;0;1;Kalundborg;54;577;342;215
Kalundborghallen;2;0;3;Kalundborg;54;578;981;582
Rynkevang;1;0;3;Kalundborg;54;579;618;556
Tømmerup;674;0;1;Kalundborg;54;580;409;235
Årby-Rørby;1;0;3;Kalundborg;54;581;806;561
Raklev;2;0;3;Kalundborg;54;582;1224;662
Røsnæs;421;0;672;Kalundborg;54;583;241;166
Ulshøj;2;0;3;Kalundborg;54;584;981;533
Centrum Nord;3;0;6;Kolding Nord;33;585;1755;1100
Nordbyen;2;0;4;Kolding Nord;33;586;812;674
Vestbyen;2;0;4;Kolding Nord;33;587;1183;914
Strandhuse/Nr. Bjert/ Eltang;4;0;6;Kolding Nord;33;588;2730;1013
Bramdrupdam;2;0;4;Kolding Nord;33;589;1558;757
Alminde-Viuf/Vester Nebel;2;0;3;Kolding Nord;33;590;1246;696
Lunderskov/Jordrup;2;0;4;Kolding Nord;33;591;1535;792
Centrum Syd;2;0;5;Kolding Syd;34;592;1085;984
Sydbyen;3;0;6;Kolding Syd;34;593;1879;1354
Seest;3;0;4;Kolding Syd;34;594;1528;1029
Dalby/Tved/Rebæk;2;0;3;Kolding Syd;34;595;1389;526
S Bjert/S Stenderup/Vejstrup;2;0;3;Kolding Syd;34;596;1192;661
Vonsild;1;0;2;Kolding Syd;34;597;666;495
Vamdrup/Hjarup/Ødis;3;0;6;Kolding Syd;34;598;1757;1050
Chr.Feld/Stepping/Taps/Hejls;3;0;5;Kolding Syd;34;599;1688;964
6. Utterslev;7;0;15;Utterslev;83;600;4494;2438
6. Nord;4;0;7;Utterslev;83;601;2007;1636
6. Øst;2;0;4;Utterslev;83;602;1018;963
6. Syd;5;0;9;Utterslev;83;603;2190;2360
7. Brønshøj;2;0;4;Brønshøj;82;604;1332;921
7. Nord;682;0;2;Brønshøj;82;605;268;390
7. Syd;4;0;7;Brønshøj;82;606;2234;1658
7. Øst;5;0;8;Brønshøj;82;607;2507;1875
7. Vest;3;0;6;Brønshøj;82;608;1468;1314
7. Nordvest;4;0;8;Brønshøj;82;609;2493;1871
7. Katrinedal;3;0;4;Brønshøj;82;610;1448;1023
7. Kirkebjerg;3;0;5;Brønshøj;82;611;1867;1245
7. Vanløse;6;0;10;Brønshøj;82;612;3270;2292
3. Indre By;7;0;14;Indre By;86;613;3947;2601
3. Nord;4;0;6;Indre By;86;614;2756;1170
3. Syd;5;0;8;Indre By;86;615;2967;2153
3. Øst;7;0;11;Indre By;86;616;4587;1982
5. Nørrebro;6;0;10;Nørrebro;85;617;2975;2767
5. Nord;7;0;14;Nørrebro;85;618;3625;3297
5. Syd;3;0;6;Nørrebro;85;619;1649;1616
5. Øst;3;0;5;Nørrebro;85;620;1772;1239
5. Vest;4;0;7;Nørrebro;85;621;1977;2004
5. Nordvest;6;0;10;Nørrebro;85;622;2779;2753
5. Midt;2;0;3;Nørrebro;85;623;978;749
2. Sundbyvester;6;0;13;Sundbyvester;92;624;3164;2898
2. Nord;6;0;12;Sundbyvester;92;625;3304;2721
2. Syd;5;0;9;Sundbyvester;92;626;2940;1773
2. Vest;6;0;9;Sundbyvester;92;627;3555;1955
4. Sundbyøster;5;0;9;Sundbyøster;91;628;2231;2117
4. Nord;7;0;14;Sundbyøster;91;629;3461;3216
4. Syd;4;0;8;Sundbyøster;91;630;2196;1851
4. Øst;5;0;8;Sundbyøster;91;631;2722;1739
8. Valby;5;0;8;Valby;89;632;2666;1809
8. Nord;5;0;8;Valby;89;633;2706;2032
8. Syd;2;0;5;Valby;89;634;1098;982
8. Vest;2;0;5;Valby;89;635;1085;1073
8. Sydøst;2;0;4;Valby;89;636;1009;836
8. Midt;3;0;6;Valby;89;637;1871;1366
9. Vesterbro;4;0;7;Vesterbro;90;638;2183;1926
9. Nord;5;0;8;Vesterbro;90;639;2572;1990
9. Syd;4;0;8;Vesterbro;90;640;1682;2232
9. Øst;4;0;6;Vesterbro;90;641;2205;1426
9. Vest;3;0;5;Vesterbro;90;642;1653;1404
9. Midt;1;0;3;Vesterbro;90;643;695;678
9. Sydhavn;2;0;4;Vesterbro;90;644;1472;603
1. Østerbro;8;0;13;Østerbro;84;645;5195;2794
1. Nord;3;0;6;Østerbro;84;646;2221;1010
1. Syd;9;0;14;Østerbro;84;647;5645;2836
1. Vest;6;0;11;Østerbro;84;648;3401;2278
1. Nordvest;5;0;9;Østerbro;84;649;3219;2073
Køge By - Midt;2;0;3;Køge;52;650;1301;674
Køge By - Vest;2;0;4;Køge;52;651;1220;865
Lellinge;449;0;707;Køge;52;652;283;145
Højelse / Lille Skensved;996;0;2;Køge;52;653;592;379
Ølby;2;0;4;Køge;52;654;1028;904
Ølsemagle;2;0;3;Køge;52;655;980;710
Herfølge;1;0;2;Køge;52;656;774;496
Alkestrup;607;0;1;Køge;52;657;359;230
Hastrup;2;0;4;Køge;52;658;1359;848
Køge By - Nord;2;0;4;Køge;52;659;1441;788
Herfølge - Syd;1;0;3;Køge;52;660;747;662
Borup;3;0;4;Køge;52;661;1610;1024
Ejby;2;0;3;Køge;52;662;980;640
Gørslev;587;0;963;Køge;52;663;331;233
Bjæverskov;1;0;3;Køge;52;664;854;566
Vemmedrup;826;0;1;Køge;52;665;501;293
Hyllinge-Lyndby;2;0;3;Køge;52;666;1038;648
Rye;1;0;2;Køge;52;667;659;426
Sæby-Gershøj;796;0;1;Køge;52;668;572;200
Sonnerup;705;0;1;Køge;52;669;401;289
Glim;565;0;920;Køge;52;670;355;191
Hvalsø;2;0;3;Køge;52;671;1320;742
Kr.Såby;1;0;2;Køge;52;672;809;549
Gevninge;1;0;2;Køge;52;673;951;421
Lejre;1;0;2;Køge;52;674;998;363
Osted;1;0;2;Køge;52;675;889;474
Holeby;1;0;3;Lolland;61;676;829;560
Søllested;900;0;2;Lolland;61;677;494;381
Maribo;3;0;5;Lolland;61;678;1781;1061
Østofte;1;0;3;Lolland;61;679;754;665
Nakskov Idrætscenter;3;0;8;Lolland;61;680;1859;1440
Nakskov Stormarkskolen;2;0;4;Lolland;61;681;1174;850
Fejø;230;0;378;Lolland;61;682;113;109
Horslunde;1;0;2;Lolland;61;683;566;487
Dannemare;1;0;2;Lolland;61;684;722;449
Rødby;1;0;3;Lolland;61;685;811;579
Rødbyhavn;599;0;1;Lolland;61;686;296;290
Lyngby Midt;3;0;5;Lyngby;73;687;1711;918
Lindegård;3;0;4;Lyngby;73;688;1434;1004
Trongård;3;0;5;Lyngby;73;689;1834;920
Engelsborg;3;0;5;Lyngby;73;690;2217;885
Taarbæk;786;0;1;Lyngby;73;691;181;579
Virum;3;0;5;Lyngby;73;692;2626;760
Hummeltofte;3;0;4;Lyngby;73;693;1803;641
Fuglsanggård;2;0;4;Lyngby;73;694;1639;756
Kongevej;2;0;2;Lyngby;73;695;1226;363
Lundtofte;3;0;4;Lyngby;73;696;1982;795
Assens;933;0;2;Mariagerfjord;9;697;526;383
Mariager;2;0;3;Mariagerfjord;9;698;984;661
Arden;1;0;3;Mariagerfjord;9;699;828;460
Valsgaard;841;0;2;Mariagerfjord;9;700;541;273
Vebbestrup;909;0;2;Mariagerfjord;9;701;507;381
Hadsund;3;0;5;Mariagerfjord;9;702;1615;970
Veddum-Skelund;423;0;873;Mariagerfjord;9;703;255;159
Als;935;0;2;Mariagerfjord;9;704;568;338
Hørby;1;0;3;Mariagerfjord;9;705;869;414
Onsild;895;0;2;Mariagerfjord;9;706;509;362
Hobro;4;0;8;Mariagerfjord;9;707;2277;1374
Middelfart V;3;0;5;Middelfart;41;708;1760;991
Middelfart Ø;3;0;5;Middelfart;41;709;1903;925
Strib;2;0;3;Middelfart;41;710;1586;581
Hyllehøj;1;0;2;Middelfart;41;711;692;324
Aulby;617;0;1;Middelfart;41;712;377;219
Nørre Aaby;2;0;3;Middelfart;41;713;971;534
Baaring;889;0;1;Middelfart;41;714;572;282
Ejby;1;0;2;Middelfart;41;715;787;424
Gelsted;1;0;2;Middelfart;41;716;644;399
Brenderup;1;0;2;Middelfart;41;717;704;371
Fjelsted/Harndrup;752;0;1;Middelfart;41;718;462;266
Bogense;2;0;3;Middelfart;41;719;1104;555
Klinte;464;0;767;Middelfart;41;720;232;211
Kongslund;673;0;1;Middelfart;41;721;389;268
Horsebæk;561;0;960;Middelfart;41;722;330;214
Krogsbølle;864;0;2;Middelfart;41;723;528;298
Otterup;2;0;4;Middelfart;41;724;1380;718
Løkkemark;605;0;999;Middelfart;41;725;383;202
Skovløkke;566;0;937;Middelfart;41;726;315;226
Veflinge;683;0;1;Middelfart;41;727;414;241
Hårslev;565;0;988;Middelfart;41;728;324;224
Morud;1;0;2;Middelfart;41;729;837;404
Særslev;667;0;1;Middelfart;41;730;408;230
Søndersø;2;0;3;Middelfart;41;731;1098;589
Mesinge;1;0;2;Nyborg;42;732;607;346
Kerteminde 1;2;0;3;Nyborg;42;733;1154;658
Kerteminde 2;1;0;2;Nyborg;42;734;832;475
Nymarken;1;0;2;Nyborg;42;735;590;417
Marslev;949;0;2;Nyborg;42;736;538;373
Langeskov;2;0;3;Nyborg;42;737;1231;676
Munkebo;3;0;5;Nyborg;42;738;1396;1044
Aunslev Forsamlingshus;800;0;1;Nyborg;42;739;484;284
Nyborghallen;3;0;6;Nyborg;42;740;1869;1213
Borgerforeningens Hus;3;0;5;Nyborg;42;741;1719;1020
Vindinge Forsamlingshus;1;0;2;Nyborg;42;742;857;489
Langå, Svindinge Og Øksendrup;501;0;822;Nyborg;42;743;310;182
Ullerslev;1;0;2;Nyborg;42;744;775;467
Skellerup;512;0;855;Nyborg;42;745;312;173
Langtved;451;0;688;Nyborg;42;746;272;161
Ørbæk;1;0;2;Nyborg;42;747;779;398
Frørup Og Tårup;703;0;1;Nyborg;42;748;422;249
Ellested Og Herrested;536;0;980;Nyborg;42;749;341;166
Fuglebjerg Hallen;2;0;3;Næstved;57;750;1061;671
Everdrup;497;0;793;Næstved;57;751;311;174
Grønbro-Hallen;806;0;2;Næstved;57;752;445;341
Næstelsø - Mogenstrup;1;0;2;Næstved;57;753;761;355
Tybjerg;448;0;756;Næstved;57;754;254;181
Snesere;1;0;2;Næstved;57;755;645;398
Hammer - Vester Egesborg;707;0;1;Næstved;57;756;414;274
Fensmark;2;0;4;Næstved;57;757;1225;725
Holme-Olstrup;652;0;1;Næstved;57;758;359;270
Toksværd;686;0;1;Næstved;57;759;345;329
Glumsø;1;0;2;Næstved;57;760;807;618
Sandby;245;0;433;Næstved;57;761;149;88
Skelby;292;0;505;Næstved;57;762;179;109
Herlufmagle;1;0;2;Næstved;57;763;809;540
Ll. Næstved Skole-Karrebækvej;2;0;4;Næstved;57;764;1299;601
Grønnegades Kaserne;1;0;3;Næstved;57;765;797;576
Kildemarkskolen;2;0;4;Næstved;57;766;1076;898
Næstved Hallerne;3;0;5;Næstved;57;767;1545;881
Sct. Jørgens Skole;3;0;5;Næstved;57;768;1589;981
Kalbyrisskolen;1;0;3;Næstved;57;769;793;640
Ll Næstved Skole-Herlufsholmve;2;0;3;Næstved;57;770;1129;477
Herlufsholmhallen;2;0;4;Næstved;57;771;1388;742
Sydbyskolen;2;0;4;Næstved;57;772;949;746
Rønnebæk;408;0;645;Næstved;57;773;256;131
Hyllinge;798;0;1;Næstved;57;774;475;289
Karrebæk;1;0;2;Næstved;57;775;795;359
Rådhuset;5;0;10;Odense Syd;70;776;3345;1803
Sct. Knuds Gymnasium;3;0;4;Odense Syd;70;777;2051;753
Rosengårdskolen;3;0;6;Odense Syd;70;778;1921;1209
Sanderumhallen;5;0;8;Odense Syd;70;779;3143;1595
Rasmus Rask Skolen;2;0;4;Odense Syd;70;780;1591;717
Tingløkkeskolen;3;0;5;Odense Syd;70;781;1868;897
Dalumskolen;4;0;7;Odense Syd;70;782;2396;1444
Stenløse Forsamlingshus;2;0;2;Odense Syd;70;783;1017;518
Fangel Forsamlingshus;474;0;710;Odense Syd;70;784;288;163
Højby Skole;2;0;4;Odense Syd;70;785;1437;803
Jernbanegades Skole / Vuc;4;0;8;Odense Vest;69;786;2550;1578
Højstrupskolen;4;0;8;Odense Vest;69;787;1823;1669
Lumby Forsamlingshus;563;0;898;Odense Vest;69;788;335;208
Stige Skole;3;0;5;Odense Vest;69;789;1684;1060
Spurvelundskolen;2;0;3;Odense Vest;69;790;1062;706
Kroggårdskolen;3;0;5;Odense Vest;69;791;1845;1045
Tarup Skole;3;0;4;Odense Vest;69;792;1894;991
Paarup Hallen;2;0;4;Odense Vest;69;793;1364;654
Korup Skole;2;0;4;Odense Vest;69;794;1284;753
Ubberudhallen;1;0;2;Odense Vest;69;795;835;414
Skt. Jørgens Hallen;5;0;9;Odense Øst;71;796;2526;1832
Sct. Hans Skole;4;0;8;Odense Øst;71;797;2379;1759
Risingskolen;2;0;3;Odense Øst;71;798;838;626
Munkebjergskolen;4;0;8;Odense Øst;71;799;2551;1513
Kragsbjergskolen;2;0;5;Odense Øst;71;800;1341;1012
Agedrup Skole;1;0;2;Odense Øst;71;801;727;485
Fjordager Hallen;2;0;4;Odense Øst;71;802;1341;998
Fraugde Fritidscenter;1;0;3;Odense Øst;71;803;824;511
Camp U;2;0;5;Odense Øst;71;804;873;809
Tornbjerg Skole;2;0;4;Odense Øst;71;805;1120;856
Havndalhallen;566;0;1;Randers Nord;15;806;326;228
Råby Forsamlingshus;477;0;935;Randers Nord;15;807;234;224
Øster Tørslev Fritidslokaler;604;0;1;Randers Nord;15;808;374;200
Korshøjskolen;1;0;2;Randers Nord;15;809;645;388
Hald Forsamlingshus;676;0;1;Randers Nord;15;810;387;269
Gjerlev Enslev Skole;586;0;1;Randers Nord;15;811;323;244
Rismølleskolen;2;0;4;Randers Nord;15;812;1195;651
Rytterskolen;1;0;2;Randers Nord;15;813;756;371
Hornbækhallen;2;0;3;Randers Nord;15;814;1243;529
Blicherskolen;1;0;2;Randers Nord;15;815;628;368
Kultur-Aktivitetshuset Gassum;330;0;671;Randers Nord;15;816;180;142
Nyvangsskolen;2;0;4;Randers Nord;15;817;1072;927
Nørrevangsskolen;2;0;4;Randers Nord;15;818;748;771
Vestervangsskolen;3;0;5;Randers Nord;15;819;1550;1012
Østervangsskolen;1;0;3;Randers Nord;15;820;757;645
Kulturhuset Langå;1;0;2;Randers Syd;16;821;739;442
Stevnstrup Forsamlingshus;1;0;2;Randers Syd;16;822;688;343
Jebjerg Forsamlingshus;420;0;671;Randers Syd;16;823;225;183
Asferg Træningshus;451;0;885;Randers Syd;16;824;239;194
Purhushallen;524;0;1;Randers Syd;16;825;314;195
Ø. Bjerregrav Forsamlingshus;1;0;2;Randers Syd;16;826;672;352
Hadsundvejens Skole;2;0;4;Randers Syd;16;827;1089;851
Hobrovejens Skole;1;0;3;Randers Syd;16;828;796;567
Fritidscentret;2;0;4;Randers Syd;16;829;845;730
Søndermarkskolen;3;0;6;Randers Syd;16;830;1856;1172
Kristrup Skole;2;0;3;Randers Syd;16;831;991;650
Paderup Gymnasium;825;0;2;Randers Syd;16;832;495;302
Romalt Aktivitetshal;1;0;2;Randers Syd;16;833;851;515
Assentofthallen;2;0;3;Randers Syd;16;834;1071;496
Uggelhuse Forsamlingshus;436;0;774;Randers Syd;16;835;245;173
Tarm,Foersum;2;0;3;Ringkøbing;17;836;1145;511
Holmsland;609;0;1;Ringkøbing;17;837;418;169
Hoven;274;0;451;Ringkøbing;17;838;169;94
Ådum;314;0;504;Ringkøbing;17;839;209;93
Lyne;236;0;413;Ringkøbing;17;840;151;73
Sdr. Vium;171;0;320;Ringkøbing;17;841;97;63
Hemmet;229;0;425;Ringkøbing;17;842;140;79
Sdr. Og Nr. Bork;331;0;638;Ringkøbing;17;843;209;106
Lønborg,Vostrup;317;0;570;Ringkøbing;17;844;210;88
Hvide Sande;1;0;2;Ringkøbing;17;845;728;463
Vedersø;174;0;273;Ringkøbing;17;846;116;52
Velling;639;0;952;Ringkøbing;17;847;470;144
Ølstrup;200;0;311;Ringkøbing;17;848;134;56
Ringkøbing By;2;0;4;Ringkøbing;17;849;1367;664
Rindum;2;0;3;Ringkøbing;17;850;1133;527
Hee;347;0;643;Ringkøbing;17;851;211;117
Hover;186;0;312;Ringkøbing;17;852;121;51
No;276;0;463;Ringkøbing;17;853;167;102
Stadil;199;0;332;Ringkøbing;17;854;144;48
Højmark;316;0;557;Ringkøbing;17;855;226;80
Lem;565;0;1;Ringkøbing;17;856;357;182
Tim;464;0;873;Ringkøbing;17;857;294;145
Torsted;161;0;258;Ringkøbing;17;858;100;58
Skjern;3;0;6;Ringkøbing;17;859;2066;938
Borris;536;0;961;Ringkøbing;17;860;380;131
Faster;354;0;601;Ringkøbing;17;861;245;90
Rk Mølle;714;0;1;Ringkøbing;17;862;471;219
Stauning;548;0;871;Ringkøbing;17;863;373;154
Herborg;337;0;522;Ringkøbing;17;864;227;97
Videbæk;2;0;3;Ringkøbing;17;865;1089;634
Nr.Vium;279;0;489;Ringkøbing;17;866;177;90
Troldhede;255;0;577;Ringkøbing;17;867;162;81
Vorgod-Barde;748;0;1;Ringkøbing;17;868;473;227
Fjelstervang;302;0;499;Ringkøbing;17;869;186;105
Spjald;943;0;2;Ringkøbing;17;870;620;274
Grønbjerg;262;0;480;Ringkøbing;17;871;170;75
Ringsted Nørretorv;4;0;8;Ringsted;55;872;2480;1422
Bringstrup;367;0;615;Ringsted;55;873;228;125
Gyrstinge;373;0;584;Ringsted;55;874;225;141
Benløse;2;0;4;Ringsted;55;875;1332;758
Haraldsted;635;0;993;Ringsted;55;876;378;238
Ringsted Dagmarskolen;2;0;4;Ringsted;55;877;1247;888
Jystrup;713;0;1;Ringsted;55;878;427;257
Kværkeby;552;0;968;Ringsted;55;879;369;167
Vetterslev;648;0;1;Ringsted;55;880;430;203
Sneslev;314;0;528;Ringsted;55;881;157;151
Nordrup;516;0;834;Ringsted;55;882;289;213
Vigersted;605;0;1;Ringsted;55;883;360;225
Ørslev;373;0;666;Ringsted;55;884;191;171
Dianalund;2;0;4;Ringsted;55;885;1275;898
Ruds Vedby;786;0;2;Ringsted;55;886;392;376
Alsted Fjenneslev;804;0;1;Ringsted;55;887;473;308
Sorø;2;0;4;Ringsted;55;888;1514;799
Frederiksberg;2;0;3;Ringsted;55;889;1457;768
Pedersborg;2;0;3;Ringsted;55;890;993;577
Stenlille;2;0;4;Ringsted;55;891;1260;967
Roskilde Bymidte;3;0;4;Roskilde;51;892;1602;852
Klostermarken;3;0;4;Roskilde;51;893;1960;847
Sankt Jørgen;4;0;6;Roskilde;51;894;2261;1227
Hedegårdene;2;0;4;Roskilde;51;895;1136;804
Østervang;3;0;5;Roskilde;51;896;1549;1123
Himmelev;4;0;6;Roskilde;51;897;2796;993
Svogerslev;2;0;3;Roskilde;51;898;1465;634
Vindinge;1;0;2;Roskilde;51;899;772;344
Vor Frue;543;0;852;Roskilde;51;900;311;210
Æblehaven;3;0;5;Roskilde;51;901;1256;1146
Gundsølille;2;0;2;Roskilde;51;902;932;568
Jyllinge;3;0;5;Roskilde;51;903;1755;870
Gundsømagle;1;0;2;Roskilde;51;904;815;396
Baunehøj;2;0;3;Roskilde;51;905;1241;546
Gadstrup;1;0;2;Roskilde;51;906;705;345
Viby;2;0;3;Roskilde;51;907;1280;694
Snoldelev;517;0;829;Roskilde;51;908;317;188
Dåstrup;772;0;1;Roskilde;51;909;481;264
Trekroner;2;0;3;Roskilde;51;910;981;486
Blovstrød;1;0;2;Rudersdal;49;911;1041;305
Skovvang;2;0;4;Rudersdal;49;912;1525;707
Lillerød;3;0;4;Rudersdal;49;913;2146;670
Lynge;2;0;4;Rudersdal;49;914;1653;700
Ravnsholt;3;0;4;Rudersdal;49;915;2155;624
Birkerød;3;0;5;Rudersdal;49;916;2376;803
Høsterkøb;1;0;2;Rudersdal;49;917;856;245
Ny Holte;3;0;5;Rudersdal;49;918;2570;625
Nærum;2;0;4;Rudersdal;49;919;1632;712
Sjælsø;3;0;4;Rudersdal;49;920;1861;662
Skovly;2;0;2;Rudersdal;49;921;1358;369
Toftevang;4;0;6;Rudersdal;49;922;2733;956
Trørød;3;0;4;Rudersdal;49;923;1937;628
Vangebo;2;0;3;Rudersdal;49;924;1637;422
Vedbæk;3;0;5;Rudersdal;49;925;2587;805
Herlev Medborgerhus;3;0;6;Rødovre;76;926;1625;1317
Herlev Hallerne;4;0;6;Rødovre;76;927;2344;1358
Kildegårdhallen;4;0;8;Rødovre;76;928;2283;1690
Ørbygård;2;0;3;Rødovre;76;929;1082;758
Milestedet;680;0;1;Rødovre;76;930;303;345
Rødovre;2;0;4;Rødovre;76;931;1318;976
Valhøj;2;0;4;Rødovre;76;932;904;871
Rødovrehallen;1;0;3;Rødovre;76;933;679;619
Nyager;2;0;4;Rødovre;76;934;1322;796
Tinderhøj;2;0;3;Rødovre;76;935;855;698
Islev;2;0;4;Rødovre;76;936;1235;986
Broparken;769;0;1;Rødovre;76;937;379;360
Ans;1;0;3;Silkeborg Nord;21;938;930;471
Funder;986;0;2;Silkeborg Nord;21;939;600;352
Fårvang;726;0;1;Silkeborg Nord;21;940;442;267
Gjern;879;0;1;Silkeborg Nord;21;941;595;259
Grauballe;553;0;944;Silkeborg Nord;21;942;321;208
Gødvad;3;0;4;Silkeborg Nord;21;943;1584;856
Kjellerup;2;0;4;Silkeborg Nord;21;944;1515;741
Kragelund;589;0;947;Silkeborg Nord;21;945;365;199
Lemming;560;0;1;Silkeborg Nord;21;946;353;183
Linå;726;0;1;Silkeborg Nord;21;947;434;268
Resenbro;844;0;1;Silkeborg Nord;21;948;562;252
Sejling;442;0;721;Silkeborg Nord;21;949;290;135
Sejs;2;0;3;Silkeborg Nord;21;950;1392;543
Sjørslev;424;0;797;Silkeborg Nord;21;951;262;144
Sorring;808;0;1;Silkeborg Nord;21;952;483;294
Thorning;1;0;2;Silkeborg Nord;21;953;746;425
Vinderslev;612;0;1;Silkeborg Nord;21;954;370;214
Voel;772;0;1;Silkeborg Nord;21;955;500;256
Balle;2;0;3;Silkeborg Syd;22;956;1341;482
Bryrup;945;0;2;Silkeborg Syd;22;957;575;333
Buskelund;2;0;3;Silkeborg Syd;22;958;1698;514
Gjessø;566;0;857;Silkeborg Syd;22;959;369;172
Hjøllund;223;0;383;Silkeborg Syd;22;960;110;102
Langsøskolen;1;0;2;Silkeborg Syd;22;961;696;367
Lysbro;1;0;2;Silkeborg Syd;22;962;905;352
Nordre;2;0;3;Silkeborg Syd;22;963;1159;686
Jysk Arena;3;0;5;Silkeborg Syd;22;964;1546;966
Them;2;0;3;Silkeborg Syd;22;965;1019;488
Vestergadehallen;4;0;7;Silkeborg Syd;22;966;2348;1469
Virklund;2;0;2;Silkeborg Syd;22;967;1128;403
Odder;5;0;9;Skanderborg;31;968;3400;1647
Torrild;221;0;336;Skanderborg;31;969;143;67
Saksild - Nølev;875;0;1;Skanderborg;31;970;571;262
Randlev - Bjerager;617;0;979;Skanderborg;31;971;407;184
Hou, Gosmer - Halling;1;0;2;Skanderborg;31;972;709;304
Gylling;498;0;822;Skanderborg;31;973;293;183
Ørting-Falling;591;0;993;Skanderborg;31;974;348;214
Hundslund;610;0;978;Skanderborg;31;975;398;187
Alrø;95;0;110;Skanderborg;31;976;71;20
Tunø;68;0;94;Skanderborg;31;977;46;20
Tranebjerg;1;0;3;Skanderborg;31;978;820;588
Nordby;222;0;344;Skanderborg;31;979;137;81
Ejer Bavnehøj;1;0;2;Skanderborg;31;980;707;343
Galten;2;0;4;Skanderborg;31;981;1660;745
Gl. Rye;877;0;1;Skanderborg;31;982;554;287
Hørning;3;0;6;Skanderborg;31;983;2145;1181
Låsby;2;0;3;Skanderborg;31;984;950;508
Morten Børup;4;0;7;Skanderborg;31;985;2364;1392
Niels Ebbesen;3;0;5;Skanderborg;31;986;2041;837
Ry;3;0;5;Skanderborg;31;987;2136;979
Skovby;2;0;3;Skanderborg;31;988;1170;702
Stilling;2;0;3;Skanderborg;31;989;1374;568
Stjær;1;0;2;Skanderborg;31;990;649;329
Virring;924;0;2;Skanderborg;31;991;580;303
Aakjær;3;0;6;Skive;10;992;1624;1098
Skivehus;3;0;5;Skive;10;993;1785;846
Brårup;3;0;5;Skive;10;994;1554;1052
Højslev;2;0;3;Skive;10;995;972;534
Ørslevkloster;606;0;1;Skive;10;996;371;207
Rønbjerg;383;0;640;Skive;10;997;213;155
Hem;412;0;716;Skive;10;998;258;137
Lihme;330;0;564;Skive;10;999;208;106
Oddense - Otting;363;0;710;Skive;10;1000;261;81
Rødding;621;0;1;Skive;10;1001;352;237
Glyngøre;865;0;2;Skive;10;1002;538;302
Durup;569;0;1;Skive;10;1003;344;209
Roslev;865;0;2;Skive;10;1004;531;296
Jebjerg-Lyby;702;0;1;Skive;10;1005;433;244
Balling;766;0;1;Skive;10;1006;455;274
Breum;847;0;1;Skive;10;1007;545;263
Håsum-Ramsing;316;0;599;Skive;10;1008;174;133
Selde;617;0;1;Skive;10;1009;379;216
Lem-Vejby;361;0;738;Skive;10;1010;200;149
Fur;402;0;664;Skive;10;1011;217;175
Dalmose;721;0;1;Slagelse;56;1012;391;312
Flakkebjerg;543;0;941;Slagelse;56;1013;293;236
Slots Bjergby;698;0;1;Slagelse;56;1014;421;263
Sørbymagle;792;0;1;Slagelse;56;1015;466;288
Korsør Søndre Bydel;3;0;6;Slagelse;56;1016;1803;1346
Korsør Nordre Bydel;3;0;5;Slagelse;56;1017;1243;1289
Tårnborg;1;0;2;Slagelse;56;1018;609;434
Vemmelev;1;0;3;Slagelse;56;1019;753;521
Søndermark;2;0;5;Slagelse;56;1020;1419;950
Rude;841;0;1;Slagelse;56;1021;494;322
Skælskør Vest;2;0;3;Slagelse;56;1022;964;649
Agersø;97;0;157;Slagelse;56;1023;58;35
Boeslunde;595;0;1;Slagelse;56;1024;332;263
Konfirmandstuen Eggeslevmagle;265;0;461;Slagelse;56;1025;150;103
Skælskør Øst;1;0;2;Slagelse;56;1026;664;475
Magleby Forsamlingshus;232;0;396;Slagelse;56;1027;122;106
Omø;91;0;138;Slagelse;56;1028;51;40
Tjæreby Forsamlingshus;317;0;565;Slagelse;56;1029;192;118
Slagelse Hallen;2;0;5;Slagelse;56;1030;1195;975
Antvorskov;2;0;4;Slagelse;56;1031;1312;727
Vesthallen;3;0;5;Slagelse;56;1032;1614;1027
Nordhallen;3;0;6;Slagelse;56;1033;1488;1115
Vestermose;595;0;1;Slagelse;56;1034;371;217
Stillinge;1;0;2;Slagelse;56;1035;744;402
Havrebjerg Heldagsskole;260;0;451;Slagelse;56;1036;159;95
Lemvig;3;0;5;Struer;11;1037;1928;882
Nørre Nissum;1;0;2;Struer;11;1038;795;366
Klinkby;944;0;2;Struer;11;1039;630;274
Ramme;842;0;2;Struer;11;1040;533;267
Bøvling;589;0;1;Struer;11;1041;370;199
Flynder;587;0;1;Struer;11;1042;356;194
Thyborøn;717;0;2;Struer;11;1043;435;257
Harboøre;761;0;1;Struer;11;1044;505;217
Struer;3;0;6;Struer;11;1045;2065;1142
Gimsing;972;0;2;Struer;11;1046;609;330
Hjerm;824;0;1;Struer;11;1047;536;257
Humlum;798;0;1;Struer;11;1048;502;269
Bremdal;957;0;1;Struer;11;1049;652;270
Langhøj;1;0;2;Struer;11;1050;624;353
Hvidbjerg;1;0;2;Struer;11;1051;895;416
Byen;6;0;11;Svendborg;45;1052;3431;2206
Nordre;1;0;3;Svendborg;45;1053;673;603
Østre;3;0;5;Svendborg;45;1054;1458;1079
Bjerreby/Landet;939;0;2;Svendborg;45;1055;572;337
Bregninge;2;0;3;Svendborg;45;1056;1361;620
Drejø;36;0;53;Svendborg;45;1057;26;9
Egense;1;0;2;Svendborg;45;1058;899;413
Skårup;1;0;2;Svendborg;45;1059;757;408
Thurø;2;0;3;Svendborg;45;1060;1275;538
Tved;1;0;2;Svendborg;45;1061;768;435
Kirkeby;650;0;1;Svendborg;45;1062;361;274
Ollerup;995;0;2;Svendborg;45;1063;529;422
Stenstrup;1;0;2;Svendborg;45;1064;598;412
V.Skerninge;1;0;2;Svendborg;45;1065;754;475
Gudbjerg;599;0;976;Svendborg;45;1066;383;196
Gudme;671;0;1;Svendborg;45;1067;445;196
Hesselager;633;0;1;Svendborg;45;1068;368;240
Oure;879;0;1;Svendborg;45;1069;537;306
Bagenkop;414;0;798;Svendborg;45;1070;228;171
Humble;705;0;1;Svendborg;45;1071;430;246
Lindelse;502;0;966;Svendborg;45;1072;322;164
Rudkøbing;2;0;4;Svendborg;45;1073;1269;786
Strynø;109;0;143;Svendborg;45;1074;54;52
Tullebølle;742;0;1;Svendborg;45;1075;464;250
Lejbølle;313;0;514;Svendborg;45;1076;172;134
Hou;532;0;946;Svendborg;45;1077;295;222
Nordborg;2;0;5;Sønderborg;40;1078;1529;840
Havnbjerg;1;0;2;Sønderborg;40;1079;711;438
Egen;1;0;3;Sønderborg;40;1080;940;509
Fynshav;1;0;2;Sønderborg;40;1081;625;356
Augustenborg;2;0;3;Sønderborg;40;1082;1099;564
Hørup;2;0;2;Sønderborg;40;1083;1120;380
Sydals;972;0;2;Sønderborg;40;1084;603;338
Kegnæs;259;0;390;Sønderborg;40;1085;162;88
Humlehøj, Sønderborg;3;0;6;Sønderborg;40;1086;2137;1105
Sønderskov, Sønderborg;3;0;6;Sønderborg;40;1087;1755;1080
Biblioteket, Sønderborg;3;0;6;Sønderborg;40;1088;1846;1013
Dybbøl;3;0;4;Sønderborg;40;1089;1851;739
Vester Sottrup;1;0;2;Sønderborg;40;1090;830;407
Ullerup;842;0;1;Sønderborg;40;1091;515;305
Broager;2;0;3;Sønderborg;40;1092;1252;635
Gråsten;3;0;6;Sønderborg;40;1093;2050;1137
Kværs;365;0;683;Sønderborg;40;1094;198;151
Sejerslev;368;0;654;Thisted;7;1095;203;147
Flade;299;0;510;Thisted;7;1096;149;129
Bjergby;205;0;300;Thisted;7;1097;116;77
Sundby;290;0;476;Thisted;7;1098;172;114
Solbjerg;193;0;332;Thisted;7;1099;122;64
Thorup;204;0;320;Thisted;7;1100;124;67
Ø. Jølby;356;0;728;Thisted;7;1101;216;123
Erslev;275;0;508;Thisted;7;1102;143;117
Tødsø;345;0;669;Thisted;7;1103;209;121
Frøslev;268;0;473;Thisted;7;1104;143;112
Tæbring;240;0;484;Thisted;7;1105;148;84
Fredsø;386;0;661;Thisted;7;1106;245;127
Vils;328;0;647;Thisted;7;1107;220;94
Karby;388;0;704;Thisted;7;1108;199;173
Redsted;269;0;505;Thisted;7;1109;158;96
Ørding;283;0;490;Thisted;7;1110;166;105
Ø. Assels;262;0;521;Thisted;7;1111;127;125
Nykøbing;3;0;7;Thisted;7;1112;2051;1302
Thisted By;3;0;7;Thisted;7;1113;2101;1116
Harring-Stagstrup;574;0;943;Thisted;7;1114;352;193
Hillerslev-Kåstrup;388;0;736;Thisted;7;1115;248;131
Hundborg-Jannerup;395;0;769;Thisted;7;1116;211;171
Vorupør;274;0;503;Thisted;7;1117;166;101
Nors-Tved;687;0;1;Thisted;7;1118;436;217
Sennels;586;0;957;Thisted;7;1119;421;146
Sjørring-Thorsted;582;0;1;Thisted;7;1120;373;190
Skjoldborg-Kallerup;276;0;490;Thisted;7;1121;176;90
Snedsted-Nørhå;817;0;2;Thisted;7;1122;427;360
Sønderhå-Hørsted;201;0;305;Thisted;7;1123;114;78
Thisted Landsogn;2;0;3;Thisted;7;1124;1076;576
Vang-Tvorup;171;0;323;Thisted;7;1125;96;69
Skinnerup, V Og Ø Vandet;285;0;466;Thisted;7;1126;182;90
Øsløs, Vesløs Og Arup;534;0;916;Thisted;7;1127;279;224
Østerild, Hunstrup;393;0;839;Thisted;7;1128;231;140
Hanstholm;737;0;1;Thisted;7;1129;399;310
Ræhr/Vigsø;348;0;716;Thisted;7;1130;178;157
Klitmøller;377;0;662;Thisted;7;1131;237;130
Frøstrup;456;0;845;Thisted;7;1132;246;188
Lild;149;0;225;Thisted;7;1133;94;44
Bedsted;863;0;2;Thisted;7;1134;505;328
Hurup;1;0;3;Thisted;7;1135;891;433
Koldby;773;0;1;Thisted;7;1136;454;281
Vestervig;765;0;1;Thisted;7;1137;491;245
Ydby;520;0;956;Thisted;7;1138;318;186
Bredebro;751;0;1;Tønder;38;1139;489;236
Ballum;298;0;542;Tønder;38;1140;180;102
Visby;200;0;436;Tønder;38;1141;133;64
Højer;691;0;1;Tønder;38;1142;422;238
Sdr. Sejerslev;260;0;471;Tønder;38;1143;171;79
Møgeltønder;490;0;873;Tønder;38;1144;327;152
Løgumkloster;1;0;3;Tønder;38;1145;804;466
Nr. Løgum;510;0;985;Tønder;38;1146;331;163
Bedsted;314;0;601;Tønder;38;1147;177;120
Øster Højst;355;0;654;Tønder;38;1148;212;131
Agerskov;856;0;2;Tønder;38;1149;505;317
Arrild;329;0;570;Tønder;38;1150;223;100
Branderup;204;0;415;Tønder;38;1151;144;53
Døstrup;244;0;507;Tønder;38;1152;160;77
Toftlund;2;0;3;Tønder;38;1153;1046;559
Brøns;398;0;767;Tønder;38;1154;234;143
Tønder;3;0;6;Tønder;38;1155;2041;876
Abild;455;0;829;Tønder;38;1156;291;156
Hostrup;425;0;795;Tønder;38;1157;292;120
Rømø;268;0;467;Tønder;38;1158;165;88
Skærbæk;1;0;3;Tønder;38;1159;851;487
Vodder;300;0;505;Tønder;38;1160;210;78
Hollænderhallen;6;0;10;Tårnby;81;1161;3956;1946
Vestamager;2;0;4;Tårnby;81;1162;1177;1127
Pilegården;3;0;5;Tårnby;81;1163;1646;1202
Tårnby;2;0;5;Tårnby;81;1164;1273;1099
Korsvejen;2;0;4;Tårnby;81;1165;1169;871
Løjtegården;2;0;4;Tårnby;81;1166;1144;816
Kastrup;4;0;8;Tårnby;81;1167;2025;2100
Herstedøster Skole;3;0;4;Taastrup;78;1168;1323;1185
Egelundskolen;2;0;3;Taastrup;78;1169;1113;948
Herstedlund Skole;2;0;3;Taastrup;78;1170;679;794
Musikteatret;2;0;3;Taastrup;78;1171;655;899
Herstedvester Skole;2;0;4;Taastrup;78;1172;1272;1080
Selsmoseskolen;1;0;2;Taastrup;78;1173;514;518
Parkskolen;2;0;3;Taastrup;78;1174;1076;736
Grønhøjskolen;2;0;2;Taastrup;78;1175;988;539
Taastrup Kulturcenter;1;0;2;Taastrup;78;1176;794;512
Borgerskolen;1;0;2;Taastrup;78;1177;674;391
Gadehaveskolen;2;0;4;Taastrup;78;1178;1079;772
Rønnevangshallen;2;0;3;Taastrup;78;1179;968;686
Torstorp Skole;1;0;3;Taastrup;78;1180;727;654
Sengeløse;1;0;2;Taastrup;78;1181;704;394
Charlotteskolen;843;0;2;Taastrup;78;1182;466;365
Fritidscentret Hedehuset;2;0;3;Taastrup;78;1183;1079;809
Fløng Hallen;2;0;3;Taastrup;78;1184;1181;642
Reerslev Skole;406;0;620;Taastrup;78;1185;245;144
Varde By;5;0;11;Varde;25;1186;3269;1791
Sig;528;0;829;Varde;25;1187;359;153
Billum;366;0;590;Varde;25;1188;240;113
Tinghøj;353;0;624;Varde;25;1189;218;117
Alslev;634;0;1;Varde;25;1190;401;215
Horne;489;0;860;Varde;25;1191;311;163
Janderup;570;0;990;Varde;25;1192;355;189
Lunde;526;0;976;Varde;25;1193;322;174
Nørre Nebel;946;0;2;Varde;25;1194;587;314
Henne;336;0;580;Varde;25;1195;205;126
Outrup;651;0;1;Varde;25;1196;424;195
Oksbøl;2;0;3;Varde;25;1197;947;599
Blåvand;285;0;448;Varde;25;1198;170;108
Årre;509;0;885;Varde;25;1199;321;161
Agerbæk;675;0;1;Varde;25;1200;439;197
Fåborg;321;0;510;Varde;25;1201;229;84
Næsbjerg;652;0;1;Varde;25;1202;429;195
Starup;462;0;822;Varde;25;1203;281;158
Nordenskov;638;0;1;Varde;25;1204;405;204
Ølgod;2;0;4;Varde;25;1205;1570;749
Tistrup;791;0;1;Varde;25;1206;555;205
Ansager;717;0;1;Varde;25;1207;462;228
Skovlund;419;0;616;Varde;25;1208;300;106
Billund;3;0;5;Vejen;26;1209;1688;776
Sdr. Omme;877;0;2;Vejen;26;1210;547;307
Vorbasse;825;0;2;Vejen;26;1211;469;323
Filskov;418;0;793;Vejen;26;1212;243;160
St./Krogager;351;0;709;Vejen;26;1213;187;154
Grindsted;4;0;8;Vejen;26;1214;2343;1295
Hejnsvig;740;0;2;Vejen;26;1215;435;273
Brørup;2;0;4;Vejen;26;1216;1403;717
Lindknud;341;0;656;Vejen;26;1217;195;131
Holsted;1;0;3;Vejen;26;1218;901;469
Føvling;478;0;859;Vejen;26;1219;294;167
Glejbjerg;528;0;931;Vejen;26;1220;353;152
Hovborg;245;0;437;Vejen;26;1221;156;76
Rødding;1;0;3;Vejen;26;1222;954;449
Sdr. Hygum;377;0;707;Vejen;26;1223;251;113
Jels;1;0;2;Vejen;26;1224;675;329
Lintrup;337;0;545;Vejen;26;1225;228;98
Skodborg;729;0;1;Vejen;26;1226;451;250
Københoved;221;0;342;Vejen;26;1227;143;71
Øster Lindet;349;0;596;Vejen;26;1228;210;122
Vejen;3;0;7;Vejen;26;1229;2118;1209
Læborg;341;0;519;Vejen;26;1230;226;106
Askov-Malt;1;0;2;Vejen;26;1231;932;352
Andst;639;0;1;Vejen;26;1232;448;172
Gesten;653;0;1;Vejen;26;1233;386;254
Bække;802;0;2;Vejen;26;1234;444;325
Skibethallen Nord;1;0;2;Vejle Nord;27;1235;677;356
Give Nord;2;0;4;Vejle Nord;27;1236;1469;749
Thyregod Nord;1;0;2;Vejle Nord;27;1237;567;449
Gadbjerg Nord;547;0;972;Vejle Nord;27;1238;351;174
Givskud Nord;523;0;882;Vejle Nord;27;1239;315;186
Grønbjerg Nord;465;0;780;Vejle Nord;27;1240;288;155
Lindeballe Nord;231;0;375;Vejle Nord;27;1241;150;72
Øster Nykirke Nord;658;0;1;Vejle Nord;27;1242;373;260
Jelling Nord;2;0;3;Vejle Nord;27;1243;1284;542
Kollerup-Sandvad Nord;723;0;1;Vejle Nord;27;1244;429;265
Grejs Nord;614;0;1;Vejle Nord;27;1245;391;191
Bredsten Nord;1;0;2;Vejle Nord;27;1246;630;344
Nørup Nord;719;0;1;Vejle Nord;27;1247;474;212
Randbøl Nord;721;0;1;Vejle Nord;27;1248;458;236
Nørremarkshallen Nord;2;0;4;Vejle Nord;27;1249;1463;825
Engum Nord;546;0;896;Vejle Nord;27;1250;348;184
Hældagerhallen Nord;4;0;6;Vejle Nord;27;1251;2862;1002
Grejsdalshallen Nord;987;0;2;Vejle Nord;27;1252;587;363
Petersmindehallen Nord;2;0;3;Vejle Nord;27;1253;1014;679
Brejning Syd;1;0;2;Vejle Syd;28;1254;725;453
Børkop Syd;2;0;4;Vejle Syd;28;1255;1419;808
Gårslev Syd;1;0;2;Vejle Syd;28;1256;675;331
Smidstrup Syd;1;0;2;Vejle Syd;28;1257;621;373
Ødsted Syd;881;0;1;Vejle Syd;28;1258;543;306
Egtved Syd;2;0;3;Vejle Syd;28;1259;998;537
Jerlev Syd;476;0;726;Vejle Syd;28;1260;274;189
Øster Starup Syd;892;0;1;Vejle Syd;28;1261;546;306
Dgi-Huset Syd;5;0;11;Vejle Syd;28;1262;2490;2057
Multihuset Højen Syd;611;0;940;Vejle Syd;28;1263;351;233
Vindinghallen Syd;2;0;4;Vejle Syd;28;1264;1488;696
Mølholmhallen Syd;2;0;3;Vejle Syd;28;1265;1138;514
Løget Kirke Syd;1;0;2;Vejle Syd;28;1266;582;482
Csv Syd;1;0;2;Vejle Syd;28;1267;730;521
Rødkilde Gymnasium Syd;2;0;3;Vejle Syd;28;1268;813;691
Frederiks;1;0;2;Viborg Vest;13;1269;771;465
Hald Ege;2;0;2;Viborg Vest;13;1270;1063;425
Karup;1;0;3;Viborg Vest;13;1271;773;525
Løgstrup;2;0;3;Viborg Vest;13;1272;1073;445
Mønsted;949;0;2;Viborg Vest;13;1273;593;314
Stoholm;1;0;3;Viborg Vest;13;1274;785;437
Vridsted;950;0;2;Viborg Vest;13;1275;554;357
Viborg;11;0;21;Viborg Vest;13;1276;6995;3596
Bjerringbro Nord;3;0;5;Viborg Øst;14;1277;2052;891
Bjerringbro Syd;1;0;2;Viborg Øst;14;1278;724;400
Hammershøj;930;0;2;Viborg Øst;14;1279;567;322
Møldrup;2;0;4;Viborg Øst;14;1280;1081;604
Overlund;6;0;9;Viborg Øst;14;1281;3780;1544
Rødding;2;0;3;Viborg Øst;14;1282;995;450
Rødkærsbro;1;0;2;Viborg Øst;14;1283;896;431
Skals;2;0;3;Viborg Øst;14;1284;1023;437
Ørum;1;0;2;Viborg Øst;14;1285;882;412
Vordingborg;2;0;4;Vordingborg;59;1286;1317;993
Masnedsund;2;0;3;Vordingborg;59;1287;992;800
Nyråd;1;0;2;Vordingborg;59;1288;882;445
Kastrup;1;0;2;Vordingborg;59;1289;566;476
Bårse;536;0;932;Vordingborg;59;1290;308;213
Lundby;2;0;3;Vordingborg;59;1291;853;675
Ørslev;926;0;2;Vordingborg;59;1292;562;337
Stege;3;0;4;Vordingborg;59;1293;1594;912
Østmøn;817;0;1;Vordingborg;59;1294;473;321
Vestmøn;1;0;2;Vordingborg;59;1295;626;468
Bogø;589;0;868;Vordingborg;59;1296;352;213
Præstø;2;0;3;Vordingborg;59;1297;1138;699
Allerslev;570;0;914;Vordingborg;59;1298;338;212
Jungshoved;401;0;629;Vordingborg;59;1299;227;164
Mern;829;0;1;Vordingborg;59;1300;442;364
Kalvehave;1;0;2;Vordingborg;59;1301;597;399
Stensved;929;0;2;Vordingborg;59;1302;539;364
Hovslund;352;0;649;Aabenraa;39;1303;205;136
Hellevad;343;0;649;Aabenraa;39;1304;200;129
Rødekro;3;0;5;Aabenraa;39;1305;1615;987
Løjt;2;0;3;Aabenraa;39;1306;1272;653
Hjordkær;797;0;1;Aabenraa;39;1307;441;317
Ravsted;338;0;660;Aabenraa;39;1308;220;106
Bolderslev;842;0;2;Aabenraa;39;1309;473;337
Ensted;1;0;2;Aabenraa;39;1310;647;347
Felsted;893;0;2;Aabenraa;39;1311;521;341
Varnæs;512;0;934;Aabenraa;39;1312;328;162
Bylderup;911;0;2;Aabenraa;39;1313;512;361
Tinglev;1;0;3;Aabenraa;39;1314;797;404
Kliplev;842;0;2;Aabenraa;39;1315;498;308
Kruså;2;0;3;Aabenraa;39;1316;1006;519
Padborg;2;0;4;Aabenraa;39;1317;1073;732
Aabenraa Midt;4;0;7;Aabenraa;39;1318;2261;1285
Aabenraa Syd;2;0;3;Aabenraa;39;1319;948;603
Aabenraa Nord;1;0;2;Aabenraa;39;1320;611;355
Gl. Lindholm Skole, Kulturhus;4;0;9;Aalborg Nord;4;1321;2242;1712
Løvvanghallen;3;0;8;Aalborg Nord;4;1322;1779;1486
Vadumhallen;1;0;2;Aalborg Nord;4;1323;684;400
Sulsted Skolehal;3;0;5;Aalborg Nord;4;1324;1600;953
Vodskov Skole;3;0;5;Aalborg Nord;4;1325;1705;1018
Aalborghallen;5;0;11;Aalborg Nord;4;1326;2529;1823
Vester Hassing Hallen;2;0;4;Aalborg Nord;4;1327;1287;742
Hals Skole;2;0;4;Aalborg Nord;4;1328;1017;750
Ulstedhallen;473;0;1;Aalborg Nord;4;1329;222;228
Vesterkærets Skole;2;0;4;Aalborg Vest;5;1330;853;890
Haraldslund;3;0;6;Aalborg Vest;5;1331;1446;1108
Kærbyskolen;3;0;6;Aalborg Vest;5;1332;1826;1351
Hallen Ved Skalborggård;2;0;4;Aalborg Vest;5;1333;1222;803
Kfum - Hallen;6;0;9;Aalborg Vest;5;1334;3789;1657
Frejlev Skoles Idrætshal;2;0;4;Aalborg Vest;5;1335;1252;661
Svenstruphallen;3;0;5;Aalborg Vest;5;1336;1576;1029
Ferslev Skolehal;1;0;2;Aalborg Vest;5;1337;724;498
Nibe Hallen;3;0;5;Aalborg Vest;5;1338;1586;850
Farstruphallen;796;0;2;Aalborg Vest;5;1339;437;315
Sønderbroskolen;4;0;8;Aalborg Øst;6;1340;1859;1667
Gigantium;4;0;9;Aalborg Øst;6;1341;2154;1962
Vejgaard - Hallen;2;0;5;Aalborg Øst;6;1342;1282;1073
Vejgaard Østre Skole;3;0;6;Aalborg Øst;6;1343;1583;1339
Mellervangskolens Idrætshal;2;0;3;Aalborg Øst;6;1344;800;709
Klaruphallen;2;0;3;Aalborg Øst;6;1345;1238;726
Gug Skole;4;0;6;Aalborg Øst;6;1346;2245;1214
Gistrup Skoles Idrætshal;2;0;4;Aalborg Øst;6;1347;1559;790
Tornhøjskolen, Hallen;2;0;5;Aalborg Øst;6;1348;1032;1197
Idrætscentret Kongerslev;724;0;2;Aalborg Øst;6;1349;436;271
Mou - Hallen;957;0;2;Aalborg Øst;6;1350;539;379
Båndby - Hallen;2;0;4;Aalborg Øst;6;1351;1039;645
Gammelgårdskolen,Åbyhøj;2;0;3;Aarhus Nord;65;1352;1317;734
Hasle Skole;3;0;6;Aarhus Nord;65;1353;2019;1240
Skovvangskolen;6;0;10;Aarhus Nord;65;1354;3354;2206
Møllevangskolen;6;0;11;Aarhus Nord;65;1355;3409;2347
Lisbjergskolen;686;0;1;Aarhus Nord;65;1356;379;276
Lystrup Skole;5;0;8;Aarhus Nord;65;1357;3018;1616
Bjørnshøjcentret,Trige;1;0;2;Aarhus Nord;65;1358;647;460
Spørring Fælleshus;455;0;714;Aarhus Nord;65;1359;234;203
Hårup Hallen;843;0;1;Aarhus Nord;65;1360;536;280
Center -10 (Frydenlundskolen);5;0;9;Aarhus Nord;65;1361;2545;1914
Katrinebjergskolen;3;0;5;Aarhus Nord;65;1362;1667;1063
Vorrevangskolen;2;0;3;Aarhus Nord;65;1363;822;777
Frederiksbjerg Hallerne;8;0;13;Aarhus Syd;68;1364;5018;2704
Lokalcenter Fr.Bjerg/Langenæs;4;0;6;Aarhus Syd;68;1365;1977;1370
Rundhøjhallen,Holme;4;0;7;Aarhus Syd;68;1366;2212;1452
Kragelundskolen,Højbjerg;3;0;4;Aarhus Syd;68;1367;1663;750
Tranbjerg Skole;4;0;7;Aarhus Syd;68;1368;2338;1554
Beder Skole;2;0;3;Aarhus Syd;68;1369;1498;671
Malling Skole;2;0;4;Aarhus Syd;68;1370;1498;807
Mårslet Skole;3;0;4;Aarhus Syd;68;1371;1793;734
Solbjergskolen;2;0;4;Aarhus Syd;68;1372;1431;763
Skåde Skole;3;0;5;Aarhus Syd;68;1373;2026;852
Rosenvangskolen,Viby J;3;0;5;Aarhus Vest;67;1374;2121;1139
Viby Hallen;5;0;9;Aarhus Vest;67;1375;2693;1756
Ormslev Præstegård;300;0;443;Aarhus Vest;67;1376;184;97
Hasselager Hallen;3;0;5;Aarhus Vest;67;1377;1618;1028
Højvangskolen,Stavtrup;2;0;4;Aarhus Vest;67;1378;1459;783
Brabrand Hallen,Brabrand;4;0;6;Aarhus Vest;67;1379;2341;1227
Globus 1, Brabrand;2;0;5;Aarhus Vest;67;1380;826;712
Skjoldhøjskolen;3;0;5;Aarhus Vest;67;1381;1349;1068
Tilst Skole,Tilst;3;0;6;Aarhus Vest;67;1382;1608;1129
Næshøj Hallen, Harlev;2;0;3;Aarhus Vest;67;1383;1310;679
Borum Forsamlingshus;334;0;534;Aarhus Vest;67;1384;186;128
Sabro-Korsvejskolen,Sabro;1;0;3;Aarhus Vest;67;1385;839;506
Søndervangskolen,Viby J;1;0;3;Aarhus Vest;67;1386;545;492
Åby Skole;3;0;5;Aarhus Vest;67;1387;1642;1159
Rådhushallen;7;0;14;Aarhus Øst;66;1388;4349;2497
Samsøgades Skole;8;0;14;Aarhus Øst;66;1389;4632;2950
Bellevue-Hallen;5;0;7;Aarhus Øst;66;1390;3762;1172
Virupskolen,Hjortshøj;2;0;3;Aarhus Øst;66;1391;1054;573
Sølystskolen,Egå;2;0;4;Aarhus Øst;66;1392;1560;686
Skæring Skole;2;0;4;Aarhus Øst;66;1393;1440;737
Skødstrup Hallen;3;0;6;Aarhus Øst;66;1394;2192;1060
Vejlby Risskov Hallen;4;0;8;Aarhus Øst;66;1395;2440;1776
Ellevangskolen,Risskov;4;0;6;Aarhus Øst;66;1396;2332;1268
